# source: Aswath Damodaran, "Historical Returns on Stocks, Bonds and Bills", NYU Stern, histretSP.xls ("Returns by year", Annual Real Returns), https://pages.stern.nyu.edu/~adamodar/New_Home_Page/datafile/histret.html - retrieved 2026-09-29, covering 1928 to 2025
# licence: no formal licence; the author's usage rules (https://pages.stern.nyu.edu/~adamodar/New_Home_Page/datahistory.html#rules) welcome use, ask no attribution, and exclude legal proceedings and policy debates. Attributed here anyway
# mapping: us_equity S&P 500 with dividends; intl_equity S&P 500 (a proxy: the workbook has no international series); bonds US 10-year Treasury; cash 3-month T-bill; real_estate US home prices; other gold
# units: annual real returns as decimal fractions (0.05 is 5%), rounded to six places; rebuilt by api/scripts/build_returns.py
year,us_equity,intl_equity,bonds,cash,real_estate,other
1928,0.454932,0.454932,0.020148,0.042856,0.026781,0.012676
1929,-0.088311,-0.088311,0.035980,0.025602,-0.026262,-0.007258
1930,-0.200079,-0.200079,0.116835,0.116932,0.022385,0.069359
1931,-0.380674,-0.380674,0.074522,0.128213,0.012861,-0.088971
1932,0.018184,0.018184,0.212472,0.126429,-0.002145,0.351646
1933,0.488460,0.488460,0.010836,0.001952,-0.045406,0.262955
1934,-0.026634,-0.026634,0.063520,-0.012184,0.013703,0.297844
1935,0.424871,0.424871,0.014439,-0.027359,0.065842,-0.024787
1936,0.300585,0.300585,0.035176,-0.012585,0.017440,-0.013437
1937,-0.371329,-0.371329,-0.014369,-0.025096,-0.002856,-0.030008
1938,0.329764,0.329764,0.071908,0.029240,0.019585,0.030345
1939,-0.010976,-0.010976,0.044123,0.000458,-0.013016,-0.012339
1940,-0.113064,-0.113064,0.046549,-0.006736,0.025739,-0.023535
1941,-0.206502,-0.206502,-0.108718,-0.089148,-0.166596,-0.090323
1942,0.093014,0.093014,-0.061793,-0.079699,-0.052271,-0.082840
1943,0.214676,0.214676,-0.004551,-0.025045,0.082438,-0.028736
1944,0.163558,0.163558,0.002725,-0.018757,0.139644,-0.022472
1945,0.328360,0.328360,0.015230,-0.018262,0.093207,0.002870
1946,-0.224842,-0.224842,-0.127006,-0.150272,0.050535,-0.153488
1947,-0.033419,-0.033419,-0.072746,-0.075676,0.114177,-0.081197
1948,0.026343,0.026343,-0.010102,-0.018899,-0.009058,-0.029046
1949,0.208096,0.208096,0.068809,0.032573,0.022099,-0.067664
1950,0.234804,0.234804,-0.051945,-0.044641,-0.021635,0.034259
1951,0.166778,0.166778,-0.059390,-0.042288,0.000450,-0.056604
1952,0.172660,0.172660,0.015019,0.009605,0.036246,-0.010921
1953,-0.019427,-0.019427,0.033695,0.011333,0.106875,-0.000550
1954,0.537061,0.537061,0.040635,0.016936,0.016787,0.013274
1955,0.321026,0.321026,-0.017046,0.013448,-0.003731,-0.004016
1956,0.043253,0.043253,-0.050889,-0.003531,-0.020108,-0.030094
1957,-0.129797,-0.129797,0.037886,0.003168,-0.001755,-0.029280
1958,0.412335,0.412335,-0.037928,0.000059,-0.010800,-0.013083
1959,0.101507,0.101507,-0.043023,0.016278,-0.015930,-0.017007
1960,-0.010103,-0.010103,0.101410,0.014921,-0.005867,-0.008644
1961,0.257935,0.257935,0.013805,0.016701,0.003040,-0.007230
1962,-0.100113,-0.100113,0.043028,0.014201,-0.009975,-0.013718
1963,0.206279,0.206279,0.000388,0.014868,0.004908,-0.020091
1964,0.152961,0.152961,0.027307,0.025501,0.002855,-0.009333
1965,0.102785,0.102785,-0.011815,0.019878,-0.002600,-0.018309
1966,-0.129810,-0.129810,-0.005328,0.013499,-0.021611,-0.033159
1967,0.201510,0.201510,-0.044838,0.012170,-0.007020,-0.034471
1968,0.058204,0.058204,-0.013800,0.005900,-0.005595,0.074057
1969,-0.135960,-0.135960,-0.105570,0.004438,0.007506,-0.011165
1970,-0.019031,-0.019031,0.105943,0.007774,0.025057,-0.142256
1971,0.106083,0.106083,0.063143,0.010341,0.009476,0.130024
1972,0.148434,0.148434,-0.005685,0.006339,-0.004164,0.438838
1973,-0.211708,-0.211708,-0.046430,-0.015367,-0.048607,0.591068
1974,-0.340397,-0.340397,-0.092125,-0.039985,-0.020155,0.478996
1975,0.281090,0.281090,-0.031151,-0.010754,-0.001522,-0.296768
1976,0.180863,0.180863,0.106038,0.001066,0.031593,-0.085488
1977,-0.128216,-0.128216,-0.050712,-0.013496,0.074543,0.149374
1978,-0.023009,-0.023009,-0.089850,-0.016873,0.061512,0.256779
1979,0.046124,0.046124,-0.111420,-0.028595,0.003959,0.999654
1980,0.170810,0.170810,-0.137812,-0.009993,-0.045499,0.023723
1981,-0.125087,-0.125087,-0.006639,0.046949,-0.035138,-0.381197
1982,0.159774,0.159774,0.279156,0.069924,-0.031456,0.113579
1983,0.178688,0.178688,-0.005692,0.049706,0.009235,-0.198362
1984,0.021140,0.021140,0.094130,0.057445,0.007018,-0.224402
1985,0.264324,0.264324,0.211118,0.037778,0.035383,0.021214
1986,0.172078,0.172078,0.229345,0.049972,0.084220,0.176647
1987,0.013198,0.013198,-0.089960,0.014608,0.032700,0.192398
1988,0.116049,0.116049,0.036432,0.023660,0.026831,-0.188418
1989,0.256365,0.256365,0.124670,0.035765,-0.002418,-0.071545
1990,-0.086430,-0.086430,0.001217,0.015491,-0.064017,-0.086867
1991,0.263627,0.263627,0.115852,0.024021,-0.031366,-0.112765
1992,0.044636,0.044636,0.062789,0.005922,-0.020245,-0.083914
1993,0.070256,0.070256,0.111559,0.003130,-0.005760,0.145302
1994,-0.013138,-0.013138,-0.104325,0.016509,-0.001552,-0.047184
1995,0.337988,0.337988,0.204239,0.030443,-0.007279,-0.015213
1996,0.187360,0.187360,-0.018330,0.017688,-0.008683,-0.076547
1997,0.308756,0.308756,0.080989,0.034391,0.022808,-0.227238
1998,0.263021,0.263021,0.130984,0.032458,0.047538,-0.024002
1999,0.177250,0.177250,-0.106528,0.020407,0.048642,-0.017853
2000,-0.120118,-0.120118,0.128338,0.025276,0.057123,-0.085411
2001,-0.131967,-0.131967,0.039590,0.018988,0.050460,-0.007925
2002,-0.237778,-0.237778,0.124437,-0.007198,0.070173,0.226542
2003,0.259879,0.259879,-0.014764,-0.008338,0.077877,0.176760
2004,0.072512,0.072512,0.011962,-0.017971,0.100554,0.013492
2005,0.013720,0.013720,-0.005300,-0.001892,0.097606,0.138789
2006,0.127480,0.127480,-0.005653,0.022521,-0.007878,0.201444
2007,0.013484,0.013484,0.058883,0.003831,-0.091088,0.267495
2008,-0.366103,-0.366103,0.199916,0.013074,-0.120756,0.042226
2009,0.225989,0.225989,-0.134714,-0.025032,-0.064011,0.217234
2010,0.131290,0.131290,0.068645,-0.013357,-0.055305,0.273368
2011,-0.008392,-0.008392,0.126968,-0.028286,-0.066509,0.088010
2012,0.139074,0.139074,0.012095,-0.016228,0.046146,0.038758
2013,0.301900,0.301900,-0.104494,-0.014204,0.090806,-0.286851
2014,0.126721,0.126721,0.099147,-0.007210,0.037187,-0.006272
2015,0.006447,0.006447,0.005508,-0.006746,0.044330,-0.127427
2016,0.095013,0.095013,-0.013559,-0.017190,0.031652,0.059066
2017,0.190937,0.190937,0.006783,-0.011351,0.040132,0.103355
2018,-0.060220,-0.060220,-0.018907,0.000587,0.025585,-0.027864
2019,0.282803,0.282803,0.071863,-0.001712,0.013688,0.164171
2020,0.164373,0.164373,0.098359,-0.009885,0.089428,0.225009
2021,0.200235,0.200235,-0.106996,-0.065365,0.110507,-0.100815
2022,-0.230069,-0.230069,-0.228103,-0.040998,-0.007539,-0.055470
2023,0.219720,0.219720,0.005108,0.018654,0.022508,0.095886
2024,0.213733,0.213733,-0.043982,0.022276,0.010452,0.224214
2025,0.145895,0.145895,0.049257,0.014357,-0.011285,0.617907
